Workbook

Sheet Mode d'emploi
A1: Les réglages de Speed — où doit vivre chacun ?
A3: Relevé du 10 septembre 2026, pour la refonte : deux applications, l'atelier sur PC et la voiture.
A4: La question posée à chaque ligne est celle-ci et pas une autre : ce réglage doit-il rester accessible au volant ?
A6: Ce que tu remplis
A7: Onglet « Réglages », colonne F « Où » — les cellules jaunes, et elles seules.
A8: Trois valeurs dans la liste déroulante : Voiture, Atelier, À voir.
A9: La colonne G « Note » est libre : une précision, une condition, un « seulement si ».
A11: Exemple de ligne remplie
A12: Catégorie « Préférences d'appareil » · Réglage « Volume » · Où : Voiture · Note : « indispensable, ça dépend de l'autoradio »
A14: Ce qui est déjà pré-rempli
A15: Les huit réglages qui sont déjà sur l'écran de conduite aujourd'hui sont marqués « Voiture ».
A16: Change-les si tu n'es pas d'accord : rien n'est acquis.
... A23: L'onglet « Compte » totalise tes choix par catégorie, au fur et à mesure.

Sheet Réglages
A1: Catégorie | B1: Réglage | C1: Ce qu'il fait | D1: Aujourd'hui | E1: Portée | F1: Où | G1: Note
A2: Moteur | B2: Cylindres enregistrés | C2: Combien de cylindres avait le moteur enregistré ; ne change pas le son, sert à l'analyse d'un fichier | D2: Config › Moteur | E2: Profil | F2: Atelier
A3: Moteur | B3: Ralenti | C3: Régime à l'arrêt, débrayé — le son du feu rouge | D3: Config › Moteur | E3: Profil | F3: Atelier
A4: Moteur | B4: Régime de décollage | C4: Régime que l'embrayage impose dès que la voiture avance | D4: Config › Moteur | E4: Profil | F4: Atelier
A5: Moteur | B5: Seuil de coupure | C5: Régime auquel l'allumage commence à être coupé | D5: Config › Moteur | E5: Profil | F5: Atelier
A6: Moteur | B6: Rupteur | C6: Plafond absolu du régime | D6: Config › Moteur | E6: Profil | F6: Atelier
A7: Moteur | B7: Durée de coupure | C7: Durée d'une coupure au rupteur — c'est ce hachage qui crépite | D7: Config › Moteur | E7: Profil | F7: Atelier
A8: Moteur | B8: Inertie | C8: Poids du volant moteur : lourd, il met du temps à prendre ses tours | D8: Config › Moteur | E8: Profil | F8: Atelier
A9: Moteur | B9: Montée à vide | C9: Rapidité de montée quand les roues n'entraînent pas le moteur | D9: Config › Moteur | E9: Profil | F9: Atelier
A10: Moteur | B10: Frein moteur | C10: Rapidité avec laquelle le régime retombe pied levé | D10: Config › Moteur | E10: Profil | F10: Atelier
A11: Moteur | B11: Tremblement au ralenti | C11: Amplitude de l'oscillation d'un thermique ; ne va que dans le son | D11: Config › Moteur | E11: Profil | F11: Atelier
A12: Moteur | B12: Vitesse du tremblement | C12: Fréquence de ce tremblement | D12: Config › Moteur | E12: Profil | F12: Atelier
A13: Transmission | B13: Démultiplications | C13: La liste des rapports, du plus court au plus long | D13: Config › Transmission | E13: Profil | F13: Atelier | G13: peut-être inclure des profils "passage de vitesse" qui regroupent les paramètres correspondants - travaillés en atelier ? Ou intégrer ça dans les profils… je sais pas. Ou alors lier les paramètres de boite au moteur + le mode - sport ou route.
A14: Transmission | B14: Pont | C14: Démultiplication commune : la baisser fait tourner le moteur moins vite partout | D14: Config › Transmission | E14: Profil | F14: Atelier | G14: peut-être inclure des profils "passage de vitesse" qui regroupent les paramètres correspondants - travaillés en atelier ? Ou intégrer ça dans les profils… je sais pas. Ou alors lier les paramètres de boite au moteur + le mode - sport ou route.
A15: Transmission | B15: Rupteur atteint à | C15: Vitesse à laquelle le rupteur tombe en dernier rapport ; recalcule le pont | D15: Config › Transmission | E15: Profil | F15: Atelier | G15: peut-être inclure des profils "passage de vitesse" qui regroupent les paramètres correspondants - travaillés en atelier ? Ou intégrer ça dans les profils… je sais pas. Ou alors lier les paramètres de boite au moteur + le mode - sport ou route.
A16: Transmission | B16: Rayon de roue | C16: Une roue plus grande fait moins de tours pour la même vitesse | D16: Config › Transmission | E16: Profil | F16: Atelier | G16: peut-être inclure des profils "passage de vitesse" qui regroupent les paramètres correspondants - travaillés en atelier ? Ou intégrer ça dans les profils… je sais pas. Ou alors lier les paramètres de boite au moteur + le mode - sport ou route.
A17: Transmission | B17: Temps de passage | C17: Durée de toute la séquence : coupure, chute, coup de gaz, clac, reprise | D17: Config › Transmission | E17: Profil | F17: Atelier | G17: peut-être inclure des profils "passage de vitesse" qui regroupent les paramètres correspondants - travaillés en atelier ? Ou intégrer ça dans les profils… je sais pas. Ou alors lier les paramètres de boite au moteur + le mode - sport ou route.
A18: Transmission | B18: Passage 1→2, 2→3… | C18: Régime auquel chaque rapport cède la place, à charge moyenne (5 curseurs) | D18: Config › Transmission | E18: Profil | F18: Atelier | G18: peut-être inclure des profils "passage de vitesse" qui regroupent les paramètres correspondants - travaillés en atelier ? Ou intégrer ça dans les profils… je sais pas. Ou alors lier les paramètres de boite au moteur + le mode - sport ou route.
A19: Transmission | B19: Écart selon la charge | C19: De combien le passage recule pied au plancher et avance pied levé | D19: Config › Transmission | E19: Profil | F19: Atelier | G19: peut-être inclure des profils "passage de vitesse" qui regroupent les paramètres correspondants - travaillés en atelier ? Ou intégrer ça dans les profils… je sais pas. Ou alors lier les paramètres de boite au moteur + le mode - sport ou route.
A20: Transmission | B20: Dispersion aléatoire | C20: Tirage au sort à chaque passage, pour ne pas sonner comme une machine | D20: Config › Transmission | E20: Profil | F20: Atelier | G20: peut-être inclure des profils "passage de vitesse" qui regroupent les paramètres correspondants - travaillés en atelier ? Ou intégrer ça dans les profils… je sais pas. Ou alors lier les paramètres de boite au moteur + le mode - sport ou route.
A21: Transmission | B21: Première réservée au lancement | C21: La première n'est qu'une amorce, on n'y revient plus | D21: Config › Transmission | E21: Profil | F21: Voiture | G21: peut-être inclure des profils "passage de vitesse" qui regroupent les paramètres correspondants - travaillés en atelier ? Ou intégrer ça dans les profils… je sais pas. Ou alors lier les paramètres de boite au moteur + le mode - sport ou route.
A22: Transmission | B22: Passage en seconde à | C22: Vitesse au-delà de laquelle la première cède | D22: Config › Transmission | E22: Profil | F22: Atelier | G22: peut-être inclure des profils "passage de vitesse" qui regroupent les paramètres correspondants - travaillés en atelier ? Ou intégrer ça dans les profils… je sais pas. Ou alors lier les paramètres de boite au moteur + le mode - sport ou route.
A23: Transmission | B23: Ne jamais monter sous | C23: Plancher appliqué aux régimes de passage | D23: Config › Transmission | E23: Profil | F23: Atelier | G23: peut-être inclure des profils "passage de vitesse" qui regroupent les paramètres correspondants - travaillés en atelier ? Ou intégrer ça dans les profils… je sais pas. Ou alors lier les paramètres de boite au moteur + le mode - sport ou route.
A24: Transmission | B24: Descente sous | C24: Fraction du rupteur sous laquelle la boîte rétrograde | D24: Config › Transmission | E24: Profil | F24: Atelier | G24: peut-être inclure des profils "passage de vitesse" qui regroupent les paramètres correspondants - travaillés en atelier ? Ou intégrer ça dans les profils… je sais pas. Ou alors lier les paramètres de boite au moteur + le mode - sport ou route.
... A35: Signal de vitesse | B35: Décélération max retenue | C35: Le même plafond en freinage | D35: Config › Signal | E35: Profil | F35: Atelier | G35: tous les params "signal de vitesse" sont liés au profil de la voiture (la vraie) - donc valeurs par défaut en atelier, potentiellement adaptées avec le profil "voiture réelle" quand il est disponible (soit par choix du modèle de voiture dans un catalogue mis à disposition de l'utilisateur, soit par mesure dans l'onglet dédié à ça)
A36: Caractère et imperfections | B36: Rétrogradage forcé | C36: Descendre chercher le couple quand on enfonce, sans attendre le seuil | D36: Config › Caractère | E36: Profil | F36: Voiture
A37: Caractère et imperfections | B37: Déclenché au-delà de | C37: Charge à partir de laquelle la demande est jugée franche | D37: Config › Caractère | E37: Profil | F37: Atelier
A38: Caractère et imperfections | B38: Régime visé | C38: Régime cherché après la descente, en fraction du rupteur | D38: Config › Caractère | E38: Profil | F38: Atelier
A39: Caractère et imperfections | B39: Rapports descendus au plus | C39: Nombre maximal de rapports descendus d'un coup | D39: Config › Caractère | E39: Profil | F39: Voiture
A40: Caractère et imperfections | B40: Pétarade | C40: Claquements à l'échappement au lever de pied | D40: Config › Caractère | E40: Profil | F40: Voiture
A41: Caractère et imperfections | B41: À partir de | C41: Régime en deçà duquel aucun claquement | D41: Config › Caractère | E41: Profil | F41: Atelier
A42: Caractère et imperfections | B42: Intensité | C42: Volume des claquements | D42: Config › Caractère | E42: Profil | F42: Atelier
A43: Caractère et imperfections | B43: Claquements par salve | C43: Nombre de détonations à chaque lever de pied | D43: Config › Caractère | E43: Profil | F43: Atelier
A44: Caractère et imperfections | B44: À-coup de passage | C44: Le petit trou et la reprise pendant le changement | D44: Config › Caractère | E44: Profil | F44: Atelier
A45: Caractère et imperfections | B45: Profondeur | C45: Combien le niveau baisse pendant la coupure | D45: Config › Caractère | E45: Profil | F45: Atelier
A46: Caractère et imperfections | B46: Coupure de couple | C46: Combien le moteur passe en roue libre — c'est ce qui change le timbre | D46: Config › Caractère | E46: Profil | F46: Atelier
A47: Caractère et imperfections | B47: Plongée du régime | C47: De combien le moteur tombe sous le rapport visé pendant la coupure | D47: Config › Caractère | E47: Profil | F47: Atelier
... A77: Couches d'échantillons | B77: Lecture max | C77: Borne haute : au-dessus, il devient métallique | D77: Config › Couches | E77: Profil | F77: Atelier
A78: Origine du son et raccourcis | B78: Origine du son | C78: Enregistré, généré en direct, ou généré à l'avance | D78: Config › Profils | E78: Profil | F78: À voir | G78: tous les sons seront enregistrés sauf les effets - voir specs du nouveau modèle
A79: Origine du son et raccourcis | B79: Moteur | C79: Charge d'un coup un moteur entier de la bibliothèque (9 entrées) | D79: Conduite + Config | E79: Profil | F79: Atelier
A80: Origine du son et raccourcis | B80: Échappement | C80: Combien de résonance passe par-dessus le son direct (Direct / Mesuré / Enveloppé) | D80: Conduite + Config | E80: Profil | F80: Atelier
A81: Origine du son et raccourcis | B81: On écoute | C81: Point d'écoute : de l'habitacle, ou de l'extérieur | D81: Conduite + Config | E81: Profil | F81: Atelier
A82: Définition du moteur simulé | B82: Cylindres | C82: Nombre de cylindres ; rebâtit tout, l'ordre d'allumage en découle | D82: Synthèse › Géométrie | E82: Profil | F82: Atelier
A83: Définition du moteur simulé | B83: Alésage | C83: Diamètre d'un cylindre | D83: Synthèse › Géométrie | E83: Profil | F83: Atelier
A84: Définition du moteur simulé | B84: Course | C84: Distance parcourue par le piston | D84: Synthèse › Géométrie | E84: Profil | F84: Atelier
A85: Définition du moteur simulé | B85: Bielle | C85: Longueur de la bielle | D85: Synthèse › Géométrie | E85: Profil | F85: Atelier
A86: Définition du moteur simulé | B86: Chambre | C86: Volume de la chambre de combustion, donc la violence de l'explosion | D86: Synthèse › Géométrie | E86: Profil | F86: Atelier
A87: Définition du moteur simulé | B87: Conduit d'admission | C87: Volume du conduit par lequel l'air entre | D87: Synthèse › Culasse | E87: Profil | F87: Atelier
A88: Définition du moteur simulé | B88: Section d'admission | C88: Section de ce conduit | D88: Synthèse › Culasse | E88: Profil | F88: Atelier
A89: Définition du moteur simulé | B89: Conduit d'échappement | C89: Volume du conduit par lequel les gaz sortent | D89: Synthèse › Culasse | E89: Profil | F89: Atelier
A90: Définition du moteur simulé | B90: Section d'échappement | C90: Section de ce conduit | D90: Synthèse › Culasse | E90: Profil | F90: Atelier
... A109: Définition du moteur simulé | B109: Gigue d'échantillonnage | C109: Crépitement d'une ligne à retard tirée au sort ; mis à zéro, il faisait des « frt frt » | D109: Synthèse › Bruits | E109: Profil | F109: Atelier
A110: Calcul et banc de synthèse | B110: Simulation | C110: Cadence de la simulation physique (6 à 20 kHz) | D110: Synthèse › Le calcul | E110: Appareil | F110: N/A | G110: On ne fait plus de synthèse
A111: Calcul et banc de synthèse | B111: Convolution interne | C111: Résonance calculée dans engine-sim, ou déportée sur le navigateur | D111: Synthèse › Le calcul | E111: Appareil | F111: N/A | G111: On ne fait plus de synthèse
A112: Calcul et banc de synthèse | B112: Bloc rendu | C112: Nombre d'échantillons rendus d'un coup | D112: Synthèse › Le calcul | E112: Appareil | F112: N/A | G112: On ne fait plus de synthèse
A113: Calcul et banc de synthèse | B113: Réserve visée | C113: Marge de son d'avance : absorbe les pointes mais retarde le son | D113: Synthèse › Le timbre | E113: Appareil | F113: N/A | G113: On ne fait plus de synthèse
A114: Calcul et banc de synthèse | B114: Volume de la synthèse | C114: Niveau produit avant le niveleur | D114: Synthèse › Le timbre | E114: Appareil | F114: N/A | G114: On ne fait plus de synthèse
A115: Calcul et banc de synthèse | B115: Régime délissé | C115: Amplitude du bruit qui module le régime, sans quoi le son est une fréquence pure | D115: Synthèse › Le timbre | E115: Appareil | F115: N/A | G115: On ne fait plus de synthèse
A116: Calcul et banc de synthèse | B116: Vitesse de la dérive | C116: Vitesse de cette dérive : bas on entend un pleurage, haut une friture | D116: Synthèse › Le timbre | E116: Appareil | F116: N/A | G116: On ne fait plus de synthèse
A117: Calcul et banc de synthèse | B117: Balayage du régime | C117: Fait monter et descendre le régime tout seul, pour écouter sans conduire | D117: Synthèse › Le banc | E117: Appareil | F117: N/A | G117: On ne fait plus de synthèse
A118: Calcul et banc de synthèse | B118: Durée d'un aller-retour | C118: Durée d'un cycle de balayage | D118: Synthèse › Le banc | E118: Appareil | F118: N/A | G118: On ne fait plus de synthèse
A119: Calcul et banc de synthèse | B119: Effort imposé | C119: Impose un effort constant au lieu de suivre la chaîne | D119: Synthèse › Le banc | E119: Appareil | F119: N/A | G119: On ne fait plus de synthèse
A120: Calcul et banc de synthèse | B120: Valeur imposée | C120: L'effort imposé | D120: Synthèse › Le banc | E120: Appareil | F120: N/A | G120: On ne fait plus de synthèse
A121: Calcul et banc de synthèse | B121: Mesurer en silence | C121: Coupe la sortie sans rien arrêter derrière | D121: Synthèse | E121: Appareil | F121: N/A | G121: On ne fait plus de synthèse
A122: Échappement et point d'écoute | B122: Papillon au repos | C122: Ouverture des gaz quand l'effort est nul | D122: Synthèse › Le timbre | E122: Profil | F122: Atelier
A123: Échappement et point d'écoute | B123: Papillon à plein effort | C123: Ouverture des gaz à plein effort | D123: Synthèse › Le timbre | E123: Profil | F123: Atelier
A124: Échappement et point d'écoute | B124: Niveleur | C124: Ramène la crête à une valeur constante quel que soit le moteur | D124: Synthèse › Le calcul | E124: Profil | F124: Atelier
A125: Échappement et point d'écoute | B125: Gain fixe, niveleur coupé | C125: Le gain appliqué quand le niveleur est coupé | D125: Synthèse › Le calcul | E125: Profil | F125: Atelier
A126: Échappement et point d'écoute | B126: Crête visée | C126: La crête que vise le niveleur | D126: Synthèse › Le calcul | E126: Profil | F126: Atelier
A127: Échappement et point d'écoute | B127: Échappement | C127: D'où vient la résonance : quatre captations réelles, ou un tube fabriqué | D127: Synthèse › Le timbre | E127: Profil | F127: Atelier
A128: Échappement et point d'écoute | B128: Résonance d'échappement | C128: Part de son réverbéré : à 0 le rauque revient, à 1 plus rien du son direct | D128: Synthèse + Conduite | E128: Profil | F128: Atelier
A129: Échappement et point d'écoute | B129: Accord de l'échappement | C129: Accord du tube fabriqué ; sans effet sur une captation | D129: Synthèse › Le timbre | E129: Profil | F129: Atelier
A130: Échappement et point d'écoute | B130: Longueur de la résonance | C130: Durée de la queue : 220 ms faisaient une salle | D130: Synthèse › Le timbre | E130: Profil | F130: Atelier
A131: Échappement et point d'écoute | B131: Déboucher en charge | C131: Rend en accélérant la clarté qu'on entend pied levé | D131: Synthèse › Le timbre | E131: Profil | F131: Atelier
A132: Échappement et point d'écoute | B132: Silencieux / point d'écoute | C132: Coupure du silencieux, qui est le point d'écoute | D132: Synthèse + Conduite | E132: Profil | F132: Voiture
A133: Étalonnage | B133: Six enregistrements | C133: Ville, route, autoroute, accélération franche, pied levé, freinage franc | D133: Télémétrie › Étalonnage | E133: Mixte | F133: Voiture
A134: Étalonnage | B134: Onze recopies | C134: Reportent les valeurs mesurées dans le profil, un geste à la fois | D134: Télémétrie › Étalonnage | E134: Mixte | F134: Voiture | G134: automatique - activer le profil étalonné ON/OFF
A135: Préférences d'appareil | B135: Volume | C135: Volume général ; dépend de l'autoradio et du bruit de roulement | D135: Conduite › Son | E135: Appareil | F135: Voiture
A136: Préférences d'appareil | B136: Son activé ou coupé | C136: Démarre ou coupe la sortie audio | D136: Conduite › Son | E136: Appareil | F136: Voiture
A137: Préférences d'appareil | B137: Cadrans ou chiffres | C137: Visage de l'écran : aiguilles, ou grands chiffres | D137: Conduite | E137: Appareil | F137: Voiture
A138: Préférences d'appareil | B138: Garder allumé | C138: Empêche l'écran de s'éteindre en roulant | D138: Conduite › Écran | E138: Appareil | F138: Voiture | G138: forcer - pas besoin de paramètre
A139: Préférences d'appareil | B139: Auto ou manuelle, − / + | C139: Boîte automatique, ou passages à la main | D139: Conduite › Boîte | E139: Appareil | F139: Voiture | G139: pour la boite j'ai mes idées que je t'exposerai à part
A140: Préférences d'appareil | B140: Profils épinglés | C140: Met un profil en accès direct sur l'écran de conduite | D140: Config › Profils | E140: Appareil | F140: Voiture
A141: Préférences d'appareil | B141: Simplifié ou avancé | C141: Montre ou cache les 61 réglages détaillés | D141: Config › Réglage | E141: Appareil | F141: À voir | G141: pas nécessaire si on simplifie les réglages
A142: Préférences d'appareil | B142: Calme ↔ sportif | C142: Refait d'un geste une dizaine de réglages de boîte et de moteur | D142: Config › Réglage | E142: Appareil | F142: À voir
A143: Préférences d'appareil | B143: Pépère ↔ nerveux | C143: Refait la réactivité du signal et les temporisations | D143: Config › Réglage | E143: Appareil | F143: À voir
A144: Préférences d'appareil | B144: Profil sélectionné | C144: Retient quel profil était choisi | D144: implicite | E144: Appareil | F144: Voiture
A145: Préférences d'appareil | B145: Vitesse de relecture | C145: Accélère ou ralentit la relecture d'une trace | D145: Télémétrie › Traces | E145: Appareil
A146: Préférences d'appareil | B146: Source de vitesse | C146: GPS réel, simulateur, ou relecture | D146: Conduite | E146: Appareil | F146: À voir | G146: GPS forcé en voiture
A147: Hors réseau et dépôt | B147: Son en arrière-plan | C147: Maintient la session audio quand l'écran s'éteint | D147: Config › Hors réseau | E147: Appareil | F147: Voiture | G147: forcer - pas besoin de paramètre
A148: Hors réseau et dépôt | B148: Préparer hors réseau | C148: Met tous les échantillons en cache pour rouler sans réseau | D148: Config › Hors réseau | E148: Appareil | F148: Voiture
A149: Hors réseau et dépôt | B149: Installer sur l'écran d'accueil | C149: Installe l'application | D149: Config › Hors réseau | E149: Appareil | F149: À voir | G149: pas utile je pense
A150: Hors réseau et dépôt | B150: Libérer les banques inutilisées | C150: Vide du cache les banques qu'aucun profil n'emploie | D150: Config › Hors réseau | E150: Appareil | F150: Voiture
A151: Hors réseau et dépôt | B151: Identifiants de dépôt | C151: Le compte htpasswd qui sert à déposer — remplacé par les comptes | D151: Config › Profils | E151: Appareil | F151: Voiture | G151: y'a le mini code à taper quand même si on veut se connecter à un compte existant
A152: Hors réseau et dépôt | B152: Remontée au serveur | C152: Rien / le minimum / et la conduite — à revoir avec les comptes | D152: Config › Profils | E152: Appareil | F152: Voiture
A153: Hors réseau et dépôt | B153: Réessayer | C153: Relance le dépôt de ce qui attend | D153: Config › Profils | E153: Appareil | F153: Voiture
A154: Hors réseau et dépôt | B154: Profils du serveur | C154: Va chercher les profils déposés sur le NAS | D154: Config › Profils | E154: Appareil | F154: Voiture | G154: automatique - précharger une dropdown des profils
A155: Hors réseau et dépôt | B155: Réinitialiser | C155: Ramène une section, ou tout le profil, à sa création | D155: Config › Profils | E155: Appareil | F155: À voir | G155: en voiture - reset des params voiture ; atelier - reset des params atelier
A156: Hors réseau et dépôt | B156: Partager, exporter, importer | C156: Transporte un profil par lien, par code à scanner, ou par fichier | D156: Config › Profils | E156: Appareil | F156: À voir | G156: nouveau système de compte
A157: Hors réseau et dépôt | B157: Profils d'usine | C157: Réintroduit Route et Sport si on les a supprimés | D157: Config › Profils | E157: Appareil | F157: Voiture
...

Sheet Compte
A1: Ce que tu gardes au volant
A3: Catégorie | B3: Réglages | C3: Voiture | D3: Atelier | E3: À voir | F3: Reste à trancher
A4: Moteur | B4: =COUNTIF(Réglages!$A$2:$A$159,$A4) -> 11 | C4: =COUNTIFS(Réglages!$A$2:$A$159,$A4,Réglages!$F$2:$F$159,"Voiture") -> 0 | D4: =COUNTIFS(Réglages!$A$2:$A$159,$A4,Réglages!$F$2:$F$159,"Atelier") -> 11 | E4: =COUNTIFS(Réglages!$A$2:$A$159,$A4,Réglages!$F$2:$F$159,"À voir") -> 0 | F4: =$B4-$C4-$D4-$E4 -> 0
A5: Transmission | B5: =COUNTIF(Réglages!$A$2:$A$159,$A5) -> 17 | C5: =COUNTIFS(Réglages!$A$2:$A$159,$A5,Réglages!$F$2:$F$159,"Voiture") -> 1 | D5: =COUNTIFS(Réglages!$A$2:$A$159,$A5,Réglages!$F$2:$F$159,"Atelier") -> 16 | E5: =COUNTIFS(Réglages!$A$2:$A$159,$A5,Réglages!$F$2:$F$159,"À voir") -> 0 | F5: =$B5-$C5-$D5-$E5 -> 0
A6: Signal de vitesse | B6: =COUNTIF(Réglages!$A$2:$A$159,$A6) -> 6 | C6: =COUNTIFS(Réglages!$A$2:$A$159,$A6,Réglages!$F$2:$F$159,"Voiture") -> 0 | D6: =COUNTIFS(Réglages!$A$2:$A$159,$A6,Réglages!$F$2:$F$159,"Atelier") -> 6 | E6: =COUNTIFS(Réglages!$A$2:$A$159,$A6,Réglages!$F$2:$F$159,"À voir") -> 0 | F6: =$B6-$C6-$D6-$E6 -> 0
A7: Caractère et imperfections | B7: =COUNTIF(Réglages!$A$2:$A$159,$A7) -> 16 | C7: =COUNTIFS(Réglages!$A$2:$A$159,$A7,Réglages!$F$2:$F$159,"Voiture") -> 4 | D7: =COUNTIFS(Réglages!$A$2:$A$159,$A7,Réglages!$F$2:$F$159,"Atelier") -> 12 | E7: =COUNTIFS(Réglages!$A$2:$A$159,$A7,Réglages!$F$2:$F$159,"À voir") -> 0 | F7: =$B7-$C7-$D7-$E7 -> 0
A8: Mixage et niveaux | B8: =COUNTIF(Réglages!$A$2:$A$159,$A8) -> 16 | C8: =COUNTIFS(Réglages!$A$2:$A$159,$A8,Réglages!$F$2:$F$159,"Voiture") -> 0 | D8: =COUNTIFS(Réglages!$A$2:$A$159,$A8,Réglages!$F$2:$F$159,"Atelier") -> 16 | E8: =COUNTIFS(Réglages!$A$2:$A$159,$A8,Réglages!$F$2:$F$159,"À voir") -> 0 | F8: =$B8-$C8-$D8-$E8 -> 0
A9: Couches d'échantillons | B9: =COUNTIF(Réglages!$A$2:$A$159,$A9) -> 10 | C9: =COUNTIFS(Réglages!$A$2:$A$159,$A9,Réglages!$F$2:$F$159,"Voiture") -> 1 | D9: =COUNTIFS(Réglages!$A$2:$A$159,$A9,Réglages!$F$2:$F$159,"Atelier") -> 8 | E9: =COUNTIFS(Réglages!$A$2:$A$159,$A9,Réglages!$F$2:$F$159,"À voir") -> 1 | F9: =$B9-$C9-$D9-$E9 -> 0
A10: Origine du son et raccourcis | B10: =COUNTIF(Réglages!$A$2:$A$159,$A10) -> 4 | C10: =COUNTIFS(Réglages!$A$2:$A$159,$A10,Réglages!$F$2:$F$159,"Voiture") -> 0 | D10: =COUNTIFS(Réglages!$A$2:$A$159,$A10,Réglages!$F$2:$F$159,"Atelier") -> 3 | E10: =COUNTIFS(Réglages!$A$2:$A$159,$A10,Réglages!$F$2:$F$159,"À voir") -> 1 | F10: =$B10-$C10-$D10-$E10 -> 0
A11: Définition du moteur simulé | B11: =COUNTIF(Réglages!$A$2:$A$159,$A11) -> 28 | C11: =COUNTIFS(Réglages!$A$2:$A$159,$A11,Réglages!$F$2:$F$159,"Voiture") -> 0 | D11: =COUNTIFS(Réglages!$A$2:$A$159,$A11,Réglages!$F$2:$F$159,"Atelier") -> 28 | E11: =COUNTIFS(Réglages!$A$2:$A$159,$A11,Réglages!$F$2:$F$159,"À voir") -> 0 | F11: =$B11-$C11-$D11-$E11 -> 0
A12: Calcul et banc de synthèse | B12: =COUNTIF(Réglages!$A$2:$A$159,$A12) -> 12 | C12: =COUNTIFS(Réglages!$A$2:$A$159,$A12,Réglages!$F$2:$F$159,"Voiture") -> 0 | D12: =COUNTIFS(Réglages!$A$2:$A$159,$A12,Réglages!$F$2:$F$159,"Atelier") -> 0 | E12: =COUNTIFS(Réglages!$A$2:$A$159,$A12,Réglages!$F$2:$F$159,"À voir") -> 0 | F12: =$B12-$C12-$D12-$E12 -> 12
A13: Échappement et point d'écoute | B13: =COUNTIF(Réglages!$A$2:$A$159,$A13) -> 11 | C13: =COUNTIFS(Réglages!$A$2:$A$159,$A13,Réglages!$F$2:$F$159,"Voiture") -> 1 | D13: =COUNTIFS(Réglages!$A$2:$A$159,$A13,Réglages!$F$2:$F$159,"Atelier") -> 10 | E13: =COUNTIFS(Réglages!$A$2:$A$159,$A13,Réglages!$F$2:$F$159,"À voir") -> 0 | F13: =$B13-$C13-$D13-$E13 -> 0
A14: Étalonnage | B14: =COUNTIF(Réglages!$A$2:$A$159,$A14) -> 2 | C14: =COUNTIFS(Réglages!$A$2:$A$159,$A14,Réglages!$F$2:$F$159,"Voiture") -> 2 | D14: =COUNTIFS(Réglages!$A$2:$A$159,$A14,Réglages!$F$2:$F$159,"Atelier") -> 0 | E14: =COUNTIFS(Réglages!$A$2:$A$159,$A14,Réglages!$F$2:$F$159,"À voir") -> 0 | F14: =$B14-$C14-$D14-$E14 -> 0
A15: Préférences d'appareil | B15: =COUNTIF(Réglages!$A$2:$A$159,$A15) -> 12 | C15: =COUNTIFS(Réglages!$A$2:$A$159,$A15,Réglages!$F$2:$F$159,"Voiture") -> 7 | D15: =COUNTIFS(Réglages!$A$2:$A$159,$A15,Réglages!$F$2:$F$159,"Atelier") -> 0 | E15: =COUNTIFS(Réglages!$A$2:$A$159,$A15,Réglages!$F$2:$F$159,"À voir") -> 4 | F15: =$B15-$C15-$D15-$E15 -> 1
A16: Hors réseau et dépôt | B16: =COUNTIF(Réglages!$A$2:$A$159,$A16) -> 13 | C16: =COUNTIFS(Réglages!$A$2:$A$159,$A16,Réglages!$F$2:$F$159,"Voiture") -> 8 | D16: =COUNTIFS(Réglages!$A$2:$A$159,$A16,Réglages!$F$2:$F$159,"Atelier") -> 1 | E16: =COUNTIFS(Réglages!$A$2:$A$159,$A16,Réglages!$F$2:$F$159,"À voir") -> 4 | F16: =$B16-$C16-$D16-$E16 -> 0
A17: Total | B17: =SUM(B4:B16) -> 158 | C17: =SUM(C4:C16) -> 24 | D17: =SUM(D4:D16) -> 111 | E17: =SUM(E4:E16) -> 10 | F17: =SUM(F4:F16) -> 13
A19: Les nombres se recalculent à mesure que tu remplis la colonne « Où » de l'onglet Réglages.
